<?xml version="1.0" encoding="UTF-8"?>
<manifest>
  <default sync-j="2"/>

  <remote fetch="https://git.openembedded.org/" name="oe"/>
  <remote fetch="https://git.yoctoproject.org/git/" name="yocto"/>
  <remote fetch="https://github.com" name="github"/>
  <remote fetch="https://github.com/Igalia" name="igalia"/>
  <remote fetch="https://gitlab.com" name="gitlab"/>
  <remote fetch="http://code.qt.io/yocto" name="qt"/>

  <project remote="oe" revision="scarthgap" name="meta-openembedded" path="sources/meta-openembedded"/>

  <project remote="yocto" revision="scarthgap" name="poky" path="sources/poky"/>
  <project remote="yocto" revision="master" name="meta-raspberrypi" path="sources/meta-raspberrypi"/>

  <project remote="igalia" revision="main" name="meta-webkit.git" path="sources/meta-webkit"/>
</manifest>
